{
  "Allermöhe": 26083.5,
  "Alsterdorf": 30868.4210526,
  "Altengamme": 29214,
  "Altenwerder": 25252.6666667,
  "Altona-Altstadt": 23220,
  "Altona-Nord": 25792.3333333,
  "Bahrenfeld": 27477.3666667,
  "Barmbek-Nord": 24885.025,
  "Barmbek-Süd": 27999.6666667,
  "Bergedorf": 24896.3793103,
  "Bergstedt": 36539.2307692,
  "Billbrook": 17004.6666667,
  "Billstedt": 17979.4634146,
  "Billwerder": 20866.3636364,
  "Blankenese": 36171.6153846,
  "Borgfelde": 21701.8461538,
  "Bramfeld": 24789.8717949,
  "Cranz": 22880.5,
  "Curslack": 28342.125,
  "Dulsberg": 21914.7058824,
  "Duvenstedt": 43384.3333333,
  "Eidelstedt": 24074.5185185,
  "Eilbek": 26108.7368421,
  "Eimsbüttel": 29117.3863636,
  "Eißendorf": 21572.4285714,
  "Eppendorf": 34139.8333333,
  "Farmsen-Berne": 25527.2941176,
  "Finkenwerder": 31519.3125,
  "Francop": 23789.8,
  "Fuhlsbüttel": 27102.08,
  "Groß Borstel": 29229.0588235,
  "Groß Flottbek": 35621.2142857,
  "HafenCity": 29528.2,
  "Hamburg-Altstadt": 29316.75,
  "Hamm": 21975.3666667,
  "Hammerbrook": 19891,
  "Harburg": 20076.2916667,
  "Harvestehude": 36294.4210526,
  "Hausbruch": 22314.125,
  "Heimfeldf": 21266.8421053,
  "Hoheluft-Ost": 34541,
  "Hoheluft-West": 32614.3,
  "Hohenfelde": 28296.8,
  "Horn": 19655.84375,
  "Hummelsbüttel": 27196.625,
  "Iserbrook": 30029.3333333,
  "Jenfeld": 20360.0416667,
  "Kirchwerder": 29331.625,
  "Kleiner Grasbrook": 27712.8333333,
  "Langenbek": 25561.625,
  "Langenhorn": 24215.1153846,
  "Lemsahl-Mellingstedt": 38205.2222222,
  "Lohbrügge": 22135.3333333,
  "Lokstedt": 30003.3703704,
  "Lurup": 21270.9130435,
  "Marienthal": 23904.0526316,
  "Marmstorf": 25331.7272727,
  "Moorburg": 23340.6,
  "Moorfleet": 23667.2,
  "Neuallermöhe": 23515.7619048,
  "Neuenfelde": 23530,
  "Neuengamme": 29680.5555556,
  "Neugraben-Fischbek": 22375.55,
  "Neuland": 19910.1428571,
  "Neustadt": 27579.3076923,
  "Neuwerk": 0,
  "Niendorf": 28249.25,
  "Nienstedten": 38743.1,
  "Ochsenwerder": 26932.4285714,
  "Ohlsdorf": 28462.4666667,
  "Osdorf": 27908.8148148,
  "Othmarschen": 37921.1666667,
  "Ottensen": 30806,
  "Poppenbüttel": 32395.5925926,
  "Rahlstedt": 24425.08,
  "Reitbrook": 29020.8,
  "Rissen": 32500.2,
  "Rönneburg": 22917.2857143,
  "Rothenburgsort": 20340.4705882,
  "Rotherbaum": 34184.8333333,
  "Sasel": 34592.48,
  "Schnelsen": 26868.45,
  "Sinstorf": 27052.625,
  "Spadenland": 25544,
  "St. Georg": 23609.0666667,
  "St. Pauli": 23061.4736842,
  "Steilshoop": 21109.9444444,
  "Steinwerder": 27801.4,
  "Stellingen": 26878.6333333,
  "Sternschanze": 25961.6666667,
  "Sülldorf": 32114.5384615,
  "Tatenberg": 28459.6,
  "Tonndorf": 23804.7692308,
  "Uhlenhorst": 31141.4545455,
  "Veddel": 21672.8,
  "Volksdorf": 34320.1666667,
  "Waltershof": 32871.875,
  "Wandsbek": 23944.0645161,
  "Wellingsbüttel": 33534.8421053,
  "Wilhelmsburg": 17303,
  "Wilstorf": 21448.5263158,
  "Winterhude": 32810.7179487,
  "Wohldorf-Ohlstedt": 41675.2857143
}