{
  "Allermöhe": 15.4386546212,
  "Alsterdorf": 23.4406685076,
  "Altengamme": 11.4764277935,
  "Altenwerder": 18.1147964795,
  "Altona-Altstadt": 17.8779563286,
  "Altona-Nord": 17.1046122445,
  "Bahrenfeld": 18.1822849751,
  "Barmbek-Nord": 17.1935823083,
  "Barmbek-Süd": 16.6846765757,
  "Bergedorf": 14.6290646483,
  "Bergstedt": 7.9439702034,
  "Billbrook": 32.0594336192,
  "Billstedt": 22.1482718427,
  "Billwerder": 18.1688683683,
  "Blankenese": 6.22282693249,
  "Borgfelde": 27.7607458555,
  "Bramfeld": 11.1293006769,
  "Cranz": 10.7374053001,
  "Curslack": 16.9093463719,
  "Dulsberg": 18.3689820907,
  "Duvenstedt": 4.38009828329,
  "Eidelstedt": 25.0402736885,
  "Eilbek": 18.1716483267,
  "Eimsbüttel": 16.7022906975,
  "Eißendorf": 14.1841249012,
  "Eppendorf": 16.9897920291,
  "Farmsen-Berne": 13.3251199582,
  "Finkenwerder": 7.00314844213,
  "Francop": 5.98537406921,
  "Fuhlsbüttel": 16.3562042809,
  "Groß Borstel": 20.3451911982,
  "Groß Flottbek": 19.1236205442,
  "HafenCity": 32.0440803528,
  "Hamburg-Altstadt": 28.4194505215,
  "Hamm": 24.4864632607,
  "Hammerbrook": 31.3061176647,
  "Harburg": 19.8493655125,
  "Harvestehude": 16.5861536327,
  "Hausbruch": 15.9720494302,
  "Heimfeldf": 23.177102365,
  "Hoheluft-Ost": 16.3769223094,
  "Hoheluft-West": 15.481269455,
  "Hohenfelde": 23.169058164,
  "Horn": 24.1400125027,
  "Hummelsbüttel": 11.7737422287,
  "Iserbrook": 7.19483861203,
  "Jenfeld": 17.6011304359,
  "Kirchwerder": 0.458917827578,
  "Kleiner Grasbrook": 40.1930837631,
  "Langenbek": 9.53285762668,
  "Langenhorn": 12.207962443,
  "Lemsahl-Mellingstedt": 6.18655141195,
  "Lohbrügge": 15.4233708183,
  "Lokstedt": 15.589783695,
  "Lurup": 12.8942398014,
  "Marienthal": 20.769463238,
  "Marmstorf": 15.0920647491,
  "Moorburg": 31.2299252754,
  "Moorfleet": 27.8673083121,
  "Neuallermöhe": 8.68216267086,
  "Neuenfelde": 5.57313525677,
  "Neuengamme": 4.9988513533,
  "Neugraben-Fischbek": 8.01885850532,
  "Neuland": 43.8143852779,
  "Neustadt": 18.2386553838,
  "Neuwerk": 0,
  "Niendorf": 14.4374823655,
  "Nienstedten": 7.96509995461,
  "Ochsenwerder": 9.37540165533,
  "Ohlsdorf": 16.6655381242,
  "Osdorf": 11.2531057971,
  "Othmarschen": 15.6686986585,
  "Ottensen": 15.1974203403,
  "Poppenbüttel": 11.5546391099,
  "Rahlstedt": 10.8185537863,
  "Reitbrook": 6.38207035251,
  "Rissen": 7.00553533584,
  "Rönneburg": 11.4637787001,
  "Rothenburgsort": 26.4082069062,
  "Rotherbaum": 21.4145088196,
  "Sasel": 9.53758653641,
  "Schnelsen": 27.2776797771,
  "Sinstorf": 12.9159015119,
  "Spadenland": 8.94565496521,
  "St. Georg": 26.8962513288,
  "St. Pauli": 19.0369503875,
  "Steilshoop": 11.4732851651,
  "Steinwerder": 23.4689798355,
  "Stellingen": 24.7042879502,
  "Sternschanze": 18.0779838562,
  "Sülldorf": 6.01364175058,
  "Tatenberg": 17.6295841986,
  "Tonndorf": 14.806417777,
  "Uhlenhorst": 16.2405394207,
  "Veddel": 48.9006401062,
  "Volksdorf": 7.47298927274,
  "Waltershof": 9.49740671366,
  "Wandsbek": 16.9376705846,
  "Wellingsbüttel": 9.50738850393,
  "Wilhelmsburg": 30.0299156299,
  "Wilstorf": 12.7111920683,
  "Winterhude": 18.8325059842,
  "Wohldorf-Ohlstedt": 5.03238420827
}