{
  "Allermöhe": 1918.80849348,
  "Alsterdorf": 648.544318751,
  "Altengamme": 2399.32748413,
  "Altenwerder": 2395.34000651,
  "Altona-Altstadt": 250.514903033,
  "Altona-Nord": 377.868708293,
  "Bahrenfeld": 615.103799947,
  "Barmbek-Nord": 454.576647949,
  "Barmbek-Süd": 292.334499105,
  "Bergedorf": 965.472209536,
  "Bergstedt": 897.959688627,
  "Billbrook": 1097.91710069,
  "Billstedt": 751.840583615,
  "Billwerder": 1388.42080966,
  "Blankenese": 613.841996413,
  "Borgfelde": 398.327151959,
  "Bramfeld": 806.897738726,
  "Cranz": 2527.47497559,
  "Curslack": 2107.13000488,
  "Dulsberg": 358.849000819,
  "Duvenstedt": 1160.17018127,
  "Eidelstedt": 875.078108046,
  "Eilbek": 340.55163253,
  "Eimsbüttel": 274.999099038,
  "Eißendorf": 683.921330043,
  "Eppendorf": 288.792119026,
  "Farmsen-Berne": 781.788059908,
  "Finkenwerder": 1085.38393211,
  "Francop": 2058.07197266,
  "Fuhlsbüttel": 688.393884888,
  "Groß Borstel": 859.399291992,
  "Groß Flottbek": 657.512283325,
  "HafenCity": 258.683099365,
  "Hamburg-Altstadt": 234.059938431,
  "Hamm": 517.437201436,
  "Hammerbrook": 413.600909146,
  "Harburg": 581.505129496,
  "Harvestehude": 246.956037421,
  "Hausbruch": 1256.03774834,
  "Heimfeldf": 784.153740331,
  "Hoheluft-Ost": 187.36798811,
  "Hoheluft-West": 224.107804108,
  "Hohenfelde": 309.576261393,
  "Horn": 650.901091576,
  "Hummelsbüttel": 880.379628499,
  "Iserbrook": 972.159324646,
  "Jenfeld": 702.616628011,
  "Kirchwerder": 2824.60621643,
  "Kleiner Grasbrook": 438.389589945,
  "Langenbek": 1027.99250031,
  "Langenhorn": 724.605466989,
  "Lemsahl-Mellingstedt": 988.357006497,
  "Lohbrügge": 793.812958329,
  "Lokstedt": 450.47115665,
  "Lurup": 747.467736286,
  "Marienthal": 568.743109452,
  "Marmstorf": 1048.09318126,
  "Moorburg": 1828.37958984,
  "Moorfleet": 1667.08598633,
  "Neuallermöhe": 1269.05670457,
  "Neuenfelde": 2355.69569615,
  "Neuengamme": 2860.07219781,
  "Neugraben-Fischbek": 1069.78034515,
  "Neuland": 1489.79557146,
  "Neustadt": 175.253731361,
  "Niendorf": 688.070289612,
  "Nienstedten": 630.655401611,
  "Ochsenwerder": 2410.31140137,
  "Ohlsdorf": 709.065033976,
  "Osdorf": 745.347478796,
  "Othmarschen": 523.742643992,
  "Ottensen": 339.340400989,
  "Poppenbüttel": 1006.54100828,
  "Rahlstedt": 860.245917358,
  "Reitbrook": 3056.58598633,
  "Rissen": 863.09989624,
  "Rönneburg": 859.396283831,
  "Rothenburgsort": 953.36882019,
  "Rotherbaum": 236.307691786,
  "Sasel": 920.155475464,
  "Schnelsen": 813.633096313,
  "Sinstorf": 1217.36374664,
  "Spadenland": 1915.49996948,
  "St. Georg": 260.911519877,
  "St. Pauli": 160.953153108,
  "Steilshoop": 739.755884806,
  "Steinwerder": 272.409101868,
  "Stellingen": 574.104467773,
  "Sternschanze": 175.947742462,
  "Sülldorf": 901.292757474,
  "Tatenberg": 1943.78398438,
  "Tonndorf": 661.527425913,
  "Uhlenhorst": 245.206201727,
  "Veddel": 522.94420166,
  "Volksdorf": 975.076385498,
  "Waltershof": 532.216672897,
  "Wandsbek": 516.75557881,
  "Wellingsbüttel": 917.291261372,
  "Wilhelmsburg": 1021.51189502,
  "Wilstorf": 852.546785857,
  "Winterhude": 319.97360386,
  "Wohldorf-Ohlstedt": 1075.74156407
}