{
  "Allermöhe": 382.942167761,
  "Alsterdorf": 1176.68903293,
  "Altengamme": 383.634406009,
  "Altenwerder": 206.571672513,
  "Altona-Altstadt": 1817.83238699,
  "Altona-Nord": 1441.0678625,
  "Bahrenfeld": 1018.67945526,
  "Barmbek-Nord": 910.806539053,
  "Barmbek-Süd": 1339.7264813,
  "Bergedorf": 615.342037228,
  "Bergstedt": 1084.17433923,
  "Billbrook": 417.582087499,
  "Billstedt": 593.948076047,
  "Billwerder": 452.229835043,
  "Blankenese": 1538.67474908,
  "Borgfelde": 951.373329848,
  "Bramfeld": 735.834213472,
  "Cranz": 213.304522118,
  "Curslack": 402.939519538,
  "Dulsberg": 864.361356198,
  "Duvenstedt": 898.758277757,
  "Eidelstedt": 686.216243216,
  "Eilbek": 1136.00063011,
  "Eimsbüttel": 1752.29537786,
  "Eißendorf": 657.73278585,
  "Eppendorf": 2383.26366462,
  "Farmsen-Berne": 798.569634934,
  "Finkenwerder": 1151.42596646,
  "Francop": 228.163020421,
  "Fuhlsbüttel": 819.024176652,
  "Groß Borstel": 1070.42385758,
  "Groß Flottbek": 1467.14358088,
  "HafenCity": 1480.09053056,
  "Hamburg-Altstadt": 2387.13146555,
  "Hamm": 805.336368885,
  "Hammerbrook": 802.449089138,
  "Harburg": 569.071002779,
  "Harvestehude": 3556.32748804,
  "Hausbruch": 441.736548399,
  "Heimfeldf": 581.520059174,
  "Hoheluft-Ost": 2512.8310799,
  "Hoheluft-West": 2166.47671583,
  "Hohenfelde": 1723.95090859,
  "Horn": 661.249592705,
  "Hummelsbüttel": 918.934930808,
  "Iserbrook": 1077.89762836,
  "Jenfeld": 589.607330167,
  "Kirchwerder": 290.287820516,
  "Kleiner Grasbrook": 945.962124312,
  "Langenbek": 532.957236174,
  "Langenhorn": 594.735044627,
  "Lemsahl-Mellingstedt": 1020.1173841,
  "Lohbrügge": 616.697507857,
  "Lokstedt": 1404.46172197,
  "Lurup": 605.738666613,
  "Marienthal": 783.242754562,
  "Marmstorf": 562.607564499,
  "Moorburg": 226.170077896,
  "Moorfleet": 345.085472536,
  "Neuallermöhe": 481.660627216,
  "Neuenfelde": 231.990312543,
  "Neuengamme": 311.025313831,
  "Neugraben-Fischbek": 481.255557235,
  "Neuland": 252.884204662,
  "Neustadt": 2308.27678184,
  "Neuwerk": 0,
  "Niendorf": 1021.249756,
  "Nienstedten": 2247.62138346,
  "Ochsenwerder": 284.91992821,
  "Ohlsdorf": 975.012521654,
  "Osdorf": 1159.29670872,
  "Othmarschen": 1967.89038191,
  "Ottensen": 1695.2517743,
  "Poppenbüttel": 1095.73505667,
  "Rahlstedt": 810.281594626,
  "Reitbrook": 309.761773044,
  "Rissen": 849.563296237,
  "Rönneburg": 532.488261096,
  "Rothenburgsort": 481.704300624,
  "Rotherbaum": 3304.484567,
  "Sasel": 1103.65055264,
  "Schnelsen": 807.499134313,
  "Sinstorf": 505.315493005,
  "Spadenland": 256.207626527,
  "St. Georg": 1787.02335527,
  "St. Pauli": 1821.32800679,
  "Steilshoop": 587.151642412,
  "Steinwerder": 2118.86675923,
  "Stellingen": 1045.18767591,
  "Sternschanze": 1630.73115351,
  "Sülldorf": 990.710287897,
  "Tatenberg": 311.473516473,
  "Tonndorf": 710.633987343,
  "Uhlenhorst": 1949.72122233,
  "Veddel": 499.461250145,
  "Volksdorf": 1148.672,
  "Waltershof": 2068.57304123,
  "Wandsbek": 783.639420101,
  "Wellingsbüttel": 1217.46174816,
  "Wilhelmsburg": 275.082314267,
  "Wilstorf": 567.218128617,
  "Winterhude": 1971.53603818,
  "Wohldorf-Ohlstedt": 940.254473586
}