{
  "Hamburg-Altstadt": 71.6535433070866,
  "HafenCity": 51.7045454545455,
  "Neustadt": 60.3349673202614,
  "St. Pauli": 54.2938013020096,
  "St. Georg": 56.0413622569405,
  "Hammerbrook": 58.073955839319,
  "Borgfelde": 58.0474934036939,
  "Hamm": 66.1290322580645,
  "Horn": 57.530294287363,
  "Billstedt": 54.8495705097768,
  "Billbrook": 45.2064896755162,
  "Rothenburgsort": 56.4587463779167,
  "Veddel": 54.4568644310691,
  "Wilhelmsburg": 54.2836515321675,
  "Kleiner Grasbrook und Steinwerder": 53.3154121863799,
  "Waltershof und Finkenwerder": 62.8253727571393,
  "Altona-Altstadt": 58.1142883540444,
  "Sternschanze": 55.4433221099888,
  "Altona-Nord": 59.26637746417,
  "Ottensen": 59.5621627916004,
  "Bahrenfeld": 59.7333333333333,
  "Groß Flottbek": 49.9782198344707,
  "Othmarschen": 50.9559434746467,
  "Lurup": 57.2230191545017,
  "Osdorf": 54.5476999073788,
  "Nienstedten": 43.6941176470588,
  "Blankenese": 47.9156010230179,
  "Iserbrook": 58.7470449172577,
  "Sülldorf": 53.2615894039735,
  "Rissen": 53.0706836616454,
  "Eimsbüttel": 63.399180865748,
  "Rotherbaum": 53.1089141269712,
  "Harvestehude": 50.7183063093338,
  "Hoheluft-West": 64.331587787768,
  "Lokstedt": 61.5359982921492,
  "Niendorf": 63.5635716596571,
  "Schnelsen": 61.0364683301344,
  "Eidelstedt": 59.7707602339181,
  "Stellingen": 62.2929936305732,
  "Hoheluft-Ost": 62.5316812165587,
  "Eppendorf": 62.2014296507235,
  "Groß Borstel": 56.3620386643234,
  "Alsterdorf": 56.7629029068618,
  "Winterhude": 64.2733355798392,
  "Uhlenhorst": 61.1561318206375,
  "Hohenfelde": 60.8420769437719,
  "Barmbek-Süd": 67.6814902076278,
  "Dulsberg": 62.029655018255,
  "Barmbek-Nord": 68.1271108381947,
  "Ohlsdorf": 60.7978956597983,
  "Fuhlsbüttel": 61.5531580130366,
  "Langenhorn": 60.8681223866729,
  "Eilbek": 66.9449282325386,
  "Wandsbek": 64.2994997833708,
  "Marienthal": 60.2715135195782,
  "Jenfeld": 50.6791883280228,
  "Tonndorf": 61.5097673505448,
  "Farmsen-Berne": 62.432229911403,
  "Bramfeld": 63.1838927725461,
  "Steilshoop": 53.7278954914768,
  "Wellingsbüttel": 53.2010670223408,
  "Sasel": 56.4942528735632,
  "Poppenbüttel": 56.8810189499845,
  "Hummelsbüttel": 57.0482412959814,
  "Lemsahl-Mellingstedt": 53.0597889800703,
  "Duvenstedt": 53.8208502024292,
  "Wohldorf-Ohlstedt": 48.8604972375691,
  "Bergstedt": 55.4484236302418,
  "Volksdorf": 51.5068719986753,
  "Rahlstedt": 60.164356127963,
  "Lohbrügge": 62.1389447137172,
  "Bergedorf": 60.5597632105859,
  "Curslack": 57.9473879214524,
  "Altengamme": 62.3198352779684,
  "Neuengamme": 60.8124743537136,
  "Kirchwerder": 65.1902587519026,
  "Ochsenwerder": 62.964989059081,
  "Allermöhe": 63.5574837310195,
  "Billwerder": 29.4208494208494,
  "Moorfleet": 52.7522935779817,
  "Neuallermöhe": 59.6527490698636,
  "Harburg": 55.1530612244898,
  "Neuland und Gut Moor": 54.235807860262,
  "Wilstorf": 60.3812824956672,
  "Rönneburg": 58.2306338028169,
  "Langenbek": 61.3953488372093,
  "Sinstorf": 58.5598824393828,
  "Marmstorf": 61.150123363067,
  "Eißendorf": 59.4184108168179,
  "Heimfeld": 59.2695719743573,
  "Hausbruch": 59.1463414634146,
  "Neugraben-Fischbek": 57.4564801900925,
  "Neuenfelde": 53.360173428306,
  "Hamburg-Mitte": 55.7898197058864,
  "Altona": 56.2803774983109,
  "Eimsbüttel1": 60.9554320487266,
  "Hamburg-Nord": 63.3277492665373,
  "Wandsbek1": 59.2539117228693,
  "Bergedorf1": 60.2572482375461,
  "Harburg1": 58.2602789916267,
  "Hamburg": 59.2730331331342
}