{
  "HafenCity": 0.17878919860627177,
  "Neustadt": 0.39187306501547986,
  "Hammerbrook": 0.5456858662965534,
  "Borgfelde": 0.08991683991683992,
  "Hamm": 0.07407216361901323,
  "Horn": 0.0815742673780252,
  "Billstedt": 0.10577784094947054,
  "Billbrook": 0.3509036144578313,
  "Rothenburgsort": 0.14231765213638325,
  "Veddel": 0.2087651122625216,
  "Wilhelmsburg": 0.11896130798254051,
  "Altona-Altstadt": 0.1815731103907183,
  "Sternschanze": 0.4012353304508956,
  "Altona-Nord": 0.1552188133979216,
  "Ottensen": 0.09956442321202753,
  "Bahrenfeld": 0.10731918868428075,
  "Othmarschen": 0.0870373933679687,
  "Lurup": 0.0701185447608666,
  "Osdorf": 0.07899380514360803,
  "Nienstedten": 0.05980203464393731,
  "Blankenese": 0.06342247552243169,
  "Iserbrook": 0.03711848007740347,
  "Rissen": 0.053987185180485946,
  "Rotherbaum": 0.09754074074074075,
  "Harvestehude": 0.06537004012483282,
  "Hoheluft-West": 0.046733144813216256,
  "Lokstedt": 0.04754627860938423,
  "Niendorf": 0.05901711815703514,
  "Schnelsen": 0.051092150170648463,
  "Eidelstedt": 0.06962688130217527,
  "Stellingen": 0.0814970402902425,
  "Hoheluft-Ost": 0.06124948958758677,
  "Eppendorf": 0.0731462119993566,
  "Alsterdorf": 0.07954395676815605,
  "Winterhude": 0.06955277280858677,
  "Uhlenhorst": 0.06580913748932536,
  "Hohenfelde": 0.11180124223602485,
  "Dulsberg": 0.0773997360720638,
  "Barmbek-Nord": 0.08525521654013274,
  "Ohlsdorf": 0.08297394156593574,
  "Langenhorn": 0.08211798712389962,
  "Eilbek": 0.07659785004272927,
  "Wandsbek": 0.11532822484716036,
  "Marienthal": 0.11111941413839486,
  "Jenfeld": 0.08344409983754246,
  "Tonndorf": 0.07971398305084745,
  "Farmsen-Berne": 0.07449047248407276,
  "Bramfeld": 0.06813592898777096,
  "Steilshoop": 0.08908381077929321,
  "Sasel": 0.03074270333922113,
  "Lemsahl-Mellingstedt": 0.041158312509187125,
  "Duvenstedt": 0.03762057877813505,
  "Wohldorf-Ohlstedt": 0.0489060489060489,
  "Bergstedt": 0.03198653198653199,
  "Volksdorf": 0.05636773234913483,
  "Rahlstedt": 0.06494440810987574,
  "Bergedorf": 0.11723199863980277,
  "Curslack": 0.028543062794738148,
  "Altengamme": 0.019722097714029583,
  "Neuengamme": 0.024585783003741316,
  "Kirchwerder": 0.024429155449197326,
  "Ochsenwerder": 0.024390243902439025,
  "Reitbrook": 0.028169014084507043,
  "Billwerder": 0.1363752883875929,
  "Moorfleet": 0.3214574898785425,
  "Tatenberg": 0.07608695652173914,
  "Spadenland": 0.027450980392156862,
  "Harburg": 0.24316918802099413,
  "Wilstorf": 0.056437792756769106,
  "Langenbek": 0.03663366336633663,
  "Sinstorf": 0.04706441644877585,
  "Marmstorf": 0.04099003247844103,
  "Heimfeld": 0.07269519587442323,
  "Hausbruch": 0.055194234487607664,
  "Neugraben-Fischbek": 0.06881720430107527,
  "Francop": 0.028208744710860368,
  "Neuenfelde": 0.03589108910891089,
  "Cranz": 0.030037546933667083,
  "Groß Flottbek": 0.05619700523182392,
  "Sülldorf": 0.04721256191379492,
  "Eimsbüttel": 0.06799436387380577,
  "Barmbek-Süd": 0.07920875895930922,
  "Fuhlsbüttel": 0.26688583383144054,
  "Wellingsbüttel": 0.04852719033232628,
  "Poppenbüttel": 0.06823116752964757,
  "Hummelsbüttel": 0.05486351819757366,
  "Lohbrügge": 0.06410610665929815,
  "Allermöhe": 0.2677395757132407,
  "Neuallermöhe": 0.05961049957662998,
  "Rönneburg": 0.030612244897959183,
  "Eißendorf": 0.045828437132784956
}