{
  "Allermöhe": 211.949186598,
  "Alsterdorf": 399.889264558,
  "Altengamme": 248.848999023,
  "Altenwerder": 235.759668986,
  "Altona-Altstadt": 458.823558101,
  "Altona-Nord": 608.91559177,
  "Bahrenfeld": 680.661065165,
  "Barmbek-Nord": 400.189852905,
  "Barmbek-Süd": 360.968299357,
  "Bergedorf": 308.333377707,
  "Bergstedt": 280.700892522,
  "Billbrook": 424.191452026,
  "Billstedt": 479.675392337,
  "Billwerder": 280.552737843,
  "Blankenese": 658.344212459,
  "Borgfelde": 467.397544274,
  "Bramfeld": 435.175312531,
  "Cranz": 391.000488281,
  "Curslack": 272.6439991,
  "Dulsberg": 417.896051743,
  "Duvenstedt": 241.892166615,
  "Eidelstedt": 607.306221291,
  "Eilbek": 432.255314877,
  "Eimsbüttel": 559.29638221,
  "Eißendorf": 496.710997445,
  "Eppendorf": 513.184626261,
  "Farmsen-Berne": 345.915352765,
  "Finkenwerder": 294.081301689,
  "Francop": 563.529190063,
  "Fuhlsbüttel": 447.914994659,
  "Groß Borstel": 476.629590203,
  "Groß Flottbek": 684.528782436,
  "HafenCity": 308.710600281,
  "Hamburg-Altstadt": 395.011250496,
  "Hamm": 440.173272705,
  "Hammerbrook": 347.783092846,
  "Harburg": 447.218327204,
  "Harvestehude": 382.68863156,
  "Hausbruch": 403.789761186,
  "Heimfeldf": 450.294888547,
  "Hoheluft-Ost": 565.648622513,
  "Hoheluft-West": 591.313295746,
  "Hohenfelde": 426.545937093,
  "Horn": 469.287848473,
  "Hummelsbüttel": 362.183663686,
  "Iserbrook": 1006.49166361,
  "Jenfeld": 387.793250402,
  "Kirchwerder": 274.141629219,
  "Kleiner Grasbrook": 273.224000295,
  "Langenbek": 372.066246033,
  "Langenhorn": 342.039992846,
  "Lemsahl-Mellingstedt": 250.749608358,
  "Lohbrügge": 349.077889336,
  "Lokstedt": 613.702997843,
  "Lurup": 544.528431768,
  "Marienthal": 442.838843095,
  "Marmstorf": 386.614635121,
  "Moorburg": 223.067198181,
  "Moorfleet": 314.626702881,
  "Neuallermöhe": 234.17690931,
  "Neuenfelde": 572.706845965,
  "Neuengamme": 255.894664341,
  "Neugraben-Fischbek": 427.436806202,
  "Neuland": 260.545800345,
  "Neustadt": 476.681391789,
  "Neuwerk": 0,
  "Niendorf": 364.673359462,
  "Nienstedten": 601.406796265,
  "Ochsenwerder": 135.606585911,
  "Ohlsdorf": 534.517832438,
  "Osdorf": 697.546257302,
  "Othmarschen": 494.410295486,
  "Ottensen": 552.062314547,
  "Poppenbüttel": 422.1512762,
  "Rahlstedt": 416.387322083,
  "Reitbrook": 190.352598572,
  "Rissen": 410.064884949,
  "Rönneburg": 413.177998134,
  "Rothenburgsort": 288.182191288,
  "Rotherbaum": 472.116889106,
  "Sasel": 454.880294037,
  "Schnelsen": 520.171950531,
  "Sinstorf": 338.87137413,
  "Spadenland": 109.021526337,
  "St. Georg": 410.179596965,
  "St. Pauli": 515.886582224,
  "Steilshoop": 575.033053928,
  "Steinwerder": 268.547198486,
  "Stellingen": 649.767964172,
  "Sternschanze": 538.447338104,
  "Sülldorf": 777.653596144,
  "Tatenberg": 216.239501953,
  "Tonndorf": 375.907997131,
  "Uhlenhorst": 343.836001309,
  "Veddel": 274.991401672,
  "Volksdorf": 340.53860071,
  "Waltershof": 220.281877518,
  "Wandsbek": 417.057287893,
  "Wellingsbüttel": 601.204474198,
  "Wilhelmsburg": 341.808437479,
  "Wilstorf": 459.384731895,
  "Winterhude": 310.754314716,
  "Wohldorf-Ohlstedt": 215.558711869
}