{
  "Allermöhe": 8.69814862095,
  "Alsterdorf": 15.6504031805,
  "Altengamme": 11.2970207592,
  "Altenwerder": 9.89058688907,
  "Altona-Altstadt": 15.210256795,
  "Altona-Nord": 16.8346814356,
  "Bahrenfeld": 16.4195992405,
  "Barmbek-Nord": 16.5204474915,
  "Barmbek-Süd": 18.6144403101,
  "Bergedorf": 11.394204642,
  "Bergstedt": 13.2722806712,
  "Billbrook": 6.07325682221,
  "Billstedt": 9.07780364869,
  "Billwerder": 6.78476743886,
  "Blankenese": 12.1450664047,
  "Borgfelde": 16.6408101378,
  "Bramfeld": 13.9302621887,
  "Cranz": 11.6123305203,
  "Curslack": 10.7144505237,
  "Dulsberg": 16.4039680826,
  "Duvenstedt": 11.4784272543,
  "Eidelstedt": 12.5951565788,
  "Eilbek": 17.4611134538,
  "Eimsbüttel": 18.5858883337,
  "Eißendorf": 12.6846113698,
  "Eppendorf": 17.6470051701,
  "Farmsen-Berne": 13.1451339332,
  "Finkenwerder": 9.6016709243,
  "Francop": 11.776152305,
  "Fuhlsbüttel": 14.8337042471,
  "Groß Borstel": 17.4824587396,
  "Groß Flottbek": 16.9967771622,
  "HafenCity": 7.20385445846,
  "Hamburg-Altstadt": 13.152807814,
  "Hamm": 15.2060303765,
  "Hammerbrook": 11.7862178233,
  "Harburg": 12.287494568,
  "Harvestehude": 15.1220610755,
  "Hausbruch": 8.5363774787,
  "Heimfeldf": 11.5167715549,
  "Hoheluft-Ost": 18.7637957521,
  "Hoheluft-West": 19.1595584983,
  "Hohenfelde": 17.9424511578,
  "Horn": 11.4158389198,
  "Hummelsbüttel": 13.0123692237,
  "Iserbrook": 15.9238064323,
  "Jenfeld": 11.0284413266,
  "Kirchwerder": 9.36287409196,
  "Kleiner Grasbrook": 6.46498437895,
  "Langenbek": 10.8887500421,
  "Langenhorn": 13.8585836486,
  "Lemsahl-Mellingstedt": 11.9692766656,
  "Lohbrügge": 10.5427462362,
  "Lokstedt": 17.5615046553,
  "Lurup": 12.1048808687,
  "Marienthal": 13.2177478565,
  "Marmstorf": 11.4107589273,
  "Moorburg": 10.4892165267,
  "Moorfleet": 5.6458196059,
  "Neuallermöhe": 9.68695200388,
  "Neuenfelde": 11.8884815101,
  "Neuengamme": 9.93777753242,
  "Neugraben-Fischbek": 10.2231173885,
  "Neuland": 8.33018016714,
  "Neustadt": 17.2067915777,
  "Neuwerk": 0,
  "Niendorf": 15.0286492214,
  "Nienstedten": 13.100055134,
  "Ochsenwerder": 8.55573821227,
  "Ohlsdorf": 15.5084041632,
  "Osdorf": 14.1923621421,
  "Othmarschen": 14.7930555761,
  "Ottensen": 17.1638266827,
  "Poppenbüttel": 12.3170737032,
  "Rahlstedt": 13.7060251086,
  "Reitbrook": 8.85128072696,
  "Rissen": 12.9748598651,
  "Rönneburg": 10.505988048,
  "Rothenburgsort": 8.2784021706,
  "Rotherbaum": 15.5441732754,
  "Sasel": 13.736773355,
  "Schnelsen": 13.7616885007,
  "Sinstorf": 11.4359121106,
  "Spadenland": 8.56846090985,
  "St. Georg": 16.1716741547,
  "St. Pauli": 15.0052094465,
  "Steilshoop": 14.3401813166,
  "Steinwerder": 9.48993051918,
  "Stellingen": 15.5928028108,
  "Sternschanze": 15.8971270787,
  "Sülldorf": 14.1130143943,
  "Tatenberg": 8.77948128754,
  "Tonndorf": 13.0969749791,
  "Uhlenhorst": 18.8770261844,
  "Veddel": 4.83175203779,
  "Volksdorf": 14.1872141651,
  "Waltershof": 8.38063348554,
  "Wandsbek": 14.7116377482,
  "Wellingsbüttel": 14.167506051,
  "Wilhelmsburg": 9.97737946341,
  "Wilstorf": 12.6583461588,
  "Winterhude": 16.2908602473,
  "Wohldorf-Ohlstedt": 12.2440176067
}