{
  "Hamburg-Altstadt": 42.3788546255507,
  "HafenCity": 45.7734204793028,
  "Neustadt": 36.7522693769881,
  "St. Pauli": 36.7301530793877,
  "St. Georg": 39.6787783043707,
  "Hammerbrook": 59.8322460391426,
  "Borgfelde": 45.5556993142709,
  "Hamm": 35.9048380029384,
  "Horn": 51.9062411748094,
  "Billstedt": 58.3407887075931,
  "Billbrook": 85.3838582677165,
  "Rothenburgsort": 56.4263322884012,
  "Veddel": 73.5804585386758,
  "Wilhelmsburg": 60.4021512132917,
  "Kleiner Grasbrook und Steinwerder": 50.6772908366534,
  "Waltershof und Finkenwerder": 30.7535814190048,
  "Altona-Altstadt": 38.0968610476807,
  "Sternschanze": 36.3782249105049,
  "Altona-Nord": 36.7017747553491,
  "Ottensen": 26.862943591474,
  "Bahrenfeld": 34.6586546486396,
  "Groß Flottbek": 23.0129306447238,
  "Othmarschen": 25.6291134339915,
  "Lurup": 48.6806237051576,
  "Osdorf": 41.3023884632718,
  "Nienstedten": 20.1810948003841,
  "Blankenese": 18.7057190855306,
  "Iserbrook": 22.3092493179618,
  "Sülldorf": 24.4097807757167,
  "Rissen": 20.431746031746,
  "Eimsbüttel": 23.7456814314443,
  "Rotherbaum": 30.5111821086262,
  "Harvestehude": 26.5957446808511,
  "Hoheluft-West": 21.6053511705686,
  "Lokstedt": 29.823282296983,
  "Niendorf": 21.0848257056526,
  "Schnelsen": 31.3647219379051,
  "Eidelstedt": 38.1355678587461,
  "Stellingen": 34.5786538314615,
  "Hoheluft-Ost": 22.6980728051392,
  "Eppendorf": 21.1961337092227,
  "Groß Borstel": 28.8972948188904,
  "Alsterdorf": 27.7634961439589,
  "Winterhude": 24.4303571428571,
  "Uhlenhorst": 25.9731937843755,
  "Hohenfelde": 37.690717590314,
  "Barmbek-Süd": 27.7467569091935,
  "Dulsberg": 43.857634902411,
  "Barmbek-Nord": 27.9041487839771,
  "Ohlsdorf": 24.8816891153986,
  "Fuhlsbüttel": 27.3420560747664,
  "Langenhorn": 31.0194610450734,
  "Eilbek": 31.8314935796351,
  "Wandsbek": 36.5198177047369,
  "Marienthal": 27.6101568334578,
  "Jenfeld": 58.0333690947431,
  "Tonndorf": 40.4528601694915,
  "Farmsen-Berne": 31.4820691843859,
  "Bramfeld": 30.0756752635291,
  "Steilshoop": 52.9918864097363,
  "Wellingsbüttel": 17.9001883239171,
  "Sasel": 17.1449007068327,
  "Poppenbüttel": 23.0794965081755,
  "Hummelsbüttel": 37.0219911168887,
  "Lemsahl-Mellingstedt": 16.805738544869,
  "Duvenstedt": 16.6532840854344,
  "Wohldorf-Ohlstedt": 14.1295025728988,
  "Bergstedt": 17.7576210959417,
  "Volksdorf": 17.3380707735151,
  "Rahlstedt": 33.2219222227061,
  "Lohbrügge": 40.5436639533715,
  "Bergedorf": 32.5641389085755,
  "Curslack": 27.3247140726007,
  "Altengamme": 10.1793721973094,
  "Neuengamme": 10.4350146784094,
  "Kirchwerder": 12.7695686900958,
  "Ochsenwerder": 15.5402963498374,
  "Reitbrook": 10.261569416499,
  "Allermöhe": 23.8578680203046,
  "Billwerder": 74.6518824136153,
  "Moorfleet": 26.2096774193548,
  "Tatenberg": 11.6575591985428,
  "Spadenland": 8.44793713163065,
  "Neuallermöhe": 64.6337337167992,
  "Harburg": 59.4888400601365,
  "Neuland und Gut Moor": 43.5132032146958,
  "Wilstorf": 46.0106231081158,
  "Rönneburg": 38.3521903104149,
  "Langenbek": 32.6727768144662,
  "Sinstorf": 44.7743467933492,
  "Marmstorf": 28.1881454872025,
  "Eißendorf": 39.669689119171,
  "Heimfeld": 45.3505266981475,
  "Moorburg und Altenwerder": 20.1058201058201,
  "Hausbruch": 54.0328253223916,
  "Neugraben-Fischbek": 47.1301852334986,
  "Francop": 16.8555240793201,
  "Neuenfelde": 49.5127513995439,
  "Cranz": 40.125786163522,
  "Hamburg-Mitte": 50.2606815441508,
  "Altona": 32.9241416992988,
  "Eimsbüttel1": 28.242413260703,
  "Hamburg-Nord": 27.9517872622508,
  "Wandsbek1": 31.9452835565688,
  "Bergedorf1": 38.6239261483363,
  "Harburg1": 46.4476530843981
}