{
  "Hamburg-Altstadt": 11.8870728083209,
  "HafenCity": 3.37019483938915,
  "Neustadt": 17.1171171171171,
  "St. Pauli": 13.2245942272327,
  "St. Georg": 12.099358974359,
  "Hammerbrook": 11.5873015873016,
  "Borgfelde": 4.40366972477064,
  "Hamm": 5.11392838787048,
  "Horn": 8.29982472419837,
  "Billstedt": 23.3336490795996,
  "Rothenburgsort": 20.9825327510917,
  "Veddel": 20.2450980392157,
  "Wilhelmsburg": 23.1179008540988,
  "Waltershof und Finkenwerder": 9.94637605950528,
  "Altona-Altstadt": 14.1170743580382,
  "Sternschanze": 10.582501740543,
  "Altona-Nord": 11.1700863503129,
  "Ottensen": 5.52334452242905,
  "Bahrenfeld": 2.54864346396273,
  "Groß Flottbek": 0.683890577507599,
  "Othmarschen": 2.13373199238924,
  "Lurup": 11.5212459378257,
  "Osdorf": 9.67206637692612,
  "Blankenese": 0.695853870687156,
  "Iserbrook": 2.30165649520488,
  "Sülldorf": 4.70957613814757,
  "Rissen": 2.3074928701063,
  "Eimsbüttel": 1.88074997088622,
  "Rotherbaum": 0.788187169510127,
  "Harvestehude": 0.42198233562316,
  "Hoheluft-West": 0.149588631264024,
  "Lokstedt": 1.18906064209275,
  "Niendorf": 1.46490432790953,
  "Schnelsen": 12.452747891829,
  "Eidelstedt": 8.16313784273312,
  "Stellingen": 1.22315460105248,
  "Hoheluft-Ost": 1.76431424766977,
  "Eppendorf": 4.39769209119054,
  "Groß Borstel": 5.48068283917341,
  "Alsterdorf": 6.05905662789211,
  "Winterhude": 1.93289239225635,
  "Uhlenhorst": 1.64764359351988,
  "Hohenfelde": 1.5321053537614,
  "Barmbek-Süd": 3.21463897131553,
  "Dulsberg": 8.11338289962825,
  "Barmbek-Nord": 4.64603423787097,
  "Ohlsdorf": 6.0630464795214,
  "Fuhlsbüttel": 3.54537496352495,
  "Langenhorn": 8.70737727397385,
  "Eilbek": 3.26225215114104,
  "Wandsbek": 4.60760998810939,
  "Marienthal": 0.353107344632768,
  "Jenfeld": 12.2763942476324,
  "Tonndorf": 10.7161594963274,
  "Farmsen-Berne": 7.65267287311904,
  "Bramfeld": 6.82027323564805,
  "Steilshoop": 32.2300045187528,
  "Wellingsbüttel": 0.420168067226891,
  "Sasel": 0.327659961773004,
  "Poppenbüttel": 2.31953980330302,
  "Hummelsbüttel": 19.0555489473058,
  "Lemsahl-Mellingstedt": 1.36078157711096,
  "Duvenstedt": 3.21947389085198,
  "Bergstedt": 4.05551941010627,
  "Volksdorf": 3.84404774942504,
  "Rahlstedt": 7.80607313838754,
  "Lohbrügge": 6.81740489329492,
  "Bergedorf": 4.16061363240165,
  "Curslack": 0.336021505376344,
  "Altengamme": 0.44004400440044,
  "Neuengamme": 1.27145581691036,
  "Kirchwerder": 0.614076523382145,
  "Ochsenwerder": 1.7933390264731,
  "Neuallermöhe": 51.5765521724997,
  "Harburg": 8.48668374873826,
  "Wilstorf": 9.74406059910479,
  "Rönneburg": 10.9363831308077,
  "Langenbek": 15.4666666666667,
  "Sinstorf": 6.60736975857687,
  "Marmstorf": 2.56709451575263,
  "Eißendorf": 5.49665633664981,
  "Heimfeld": 14.9464505734054,
  "Hausbruch": 15.9201220357787,
  "Neugraben-Fischbek": 6.27490039840637,
  "Neuenfelde": 14.8621041879469,
  "Hamburg-Mitte": 14.8476628425792,
  "Altona": 6.92629339860425,
  "Eimsbüttel1": 3.12896910327212,
  "Hamburg-Nord": 4.38150218155679,
  "Wandsbek1": 7.32331575836827,
  "Bergedorf1": 13.190189284678,
  "Harburg1": 9.1828693236871
}