{
  "Allermöhe": -2.77857146093,
  "Alsterdorf": -1.11368419661,
  "Altengamme": -3.20499996934,
  "Altenwerder": -4.85333343347,
  "Altona-Altstadt": 2.73148150673,
  "Altona-Nord": 1.31444443086,
  "Bahrenfeld": 0.207666706542,
  "Barmbek-Nord": 1.0684999953,
  "Barmbek-Süd": -0.986666671994,
  "Bergedorf": -0.0917241286872,
  "Bergstedt": -5.91384621767,
  "Billbrook": 6.21555560165,
  "Billstedt": 5.8441463091,
  "Billwerder": 5.74545456063,
  "Blankenese": -6.65153842591,
  "Borgfelde": 4.07153845292,
  "Bramfeld": -0.239230759728,
  "Cranz": 1.39500001445,
  "Curslack": -3.45624997513,
  "Dulsberg": 2.98882352254,
  "Duvenstedt": -6.70000008742,
  "Eidelstedt": 0.808148133534,
  "Eilbek": -0.843157901478,
  "Eimsbüttel": -1.99340909296,
  "Eißendorf": 1.87857139678,
  "Eppendorf": -4.91999997478,
  "Farmsen-Berne": -0.842352898353,
  "Finkenwerder": -3.57562501309,
  "Francop": -3.32600007057,
  "Fuhlsbüttel": -1.33800002754,
  "Groß Borstel": -1.14176471488,
  "Groß Flottbek": -4.06428570407,
  "HafenCity": 2.64400000572,
  "Hamburg-Altstadt": 1.40625,
  "Hamm": 2.52400000294,
  "Hammerbrook": 7.16000005332,
  "Harburg": 5.30958333611,
  "Harvestehude": -5.48526314685,
  "Hausbruch": 0.268124990165,
  "Heimfeldf": 1.88631582574,
  "Hoheluft-Ost": -5.14187497646,
  "Hoheluft-West": -4.76199999452,
  "Hohenfelde": -1.95466666619,
  "Horn": 5.02499998873,
  "Hummelsbüttel": -2.88999998849,
  "Iserbrook": -3.19750003889,
  "Jenfeld": 4.85124994194,
  "Kirchwerder": -5.78499996662,
  "Kleiner Grasbrook": 7.62333337466,
  "Langenbek": -0.871250003576,
  "Langenhorn": 0.750384616164,
  "Lemsahl-Mellingstedt": -6.36888898744,
  "Lohbrügge": 1.95666665915,
  "Lokstedt": -3.53037039687,
  "Lurup": 4.36999997756,
  "Marienthal": 1.08210524446,
  "Marmstorf": -2.38000000607,
  "Moorburg": 0.981999969482,
  "Moorfleet": -2.64799997807,
  "Neuallermöhe": 3.18238096578,
  "Neuenfelde": -1.48000007761,
  "Neuengamme": -5.64888887935,
  "Neugraben-Fischbek": 2.35900000334,
  "Neuland": 1.26000009264,
  "Neustadt": 0.701538461905,
  "Neuwerk": 0,
  "Niendorf": -3.54285715786,
  "Nienstedten": -6.91999993324,
  "Ochsenwerder": -6.24142851148,
  "Ohlsdorf": -1.99166666418,
  "Osdorf": -0.462962971793,
  "Othmarschen": -5.22624994566,
  "Ottensen": -2.37576920496,
  "Poppenbüttel": -5.01111113142,
  "Rahlstedt": 0.539399993718,
  "Reitbrook": -6.00599994659,
  "Rissen": -4.10000011921,
  "Rönneburg": 1.97571427482,
  "Rothenburgsort": 4.18882352464,
  "Rotherbaum": -3.93666666746,
  "Sasel": -6.52480000973,
  "Schnelsen": -1.56649997905,
  "Sinstorf": -3.28749999404,
  "Spadenland": -6.03749990463,
  "St. Georg": 0.908000008265,
  "St. Pauli": 2.90157895339,
  "Steilshoop": 3.78666667806,
  "Steinwerder": 4.20600004196,
  "Stellingen": -0.949000010639,
  "Sternschanze": 0.000833287835121,
  "Sülldorf": -4.50461541575,
  "Tatenberg": -5.16799995899,
  "Tonndorf": 0.796923096363,
  "Uhlenhorst": -3.02090908265,
  "Veddel": 8.71800003052,
  "Volksdorf": -6.26777782705,
  "Waltershof": -5.4537498951,
  "Wandsbek": 1.15451615664,
  "Wellingsbüttel": -5.91842103789,
  "Wilhelmsburg": 4.41137936197,
  "Wilstorf": 2.16315789913,
  "Winterhude": -3.32820512746,
  "Wohldorf-Ohlstedt": -6.22857151713
}