{
  "Hamburg-Altstadt": 4.49943757030371,
  "HafenCity": 4.30622009569378,
  "Neustadt": 5.00408496732026,
  "St. Pauli": 6.83272006793094,
  "St. Georg": 4.2486231313926,
  "Hammerbrook": 7.07635009310987,
  "Borgfelde": 4.50197889182058,
  "Hamm": 4.86914181375533,
  "Horn": 6.72244662435084,
  "Billstedt": 7.72434928993827,
  "Billbrook": 13.1268436578171,
  "Rothenburgsort": 7.4881805703828,
  "Veddel": 8.59845227858985,
  "Wilhelmsburg": 8.35606182148778,
  "Kleiner Grasbrook und Steinwerder": 6.89964157706093,
  "Waltershof und Finkenwerder": 4.77634571645186,
  "Altona-Altstadt": 7.04947567792304,
  "Sternschanze": 5.4673721340388,
  "Altona-Nord": 6.05128768326835,
  "Ottensen": 4.27357062453907,
  "Bahrenfeld": 5.89425287356322,
  "Groß Flottbek": 1.49557136634238,
  "Othmarschen": 2.31712385702411,
  "Lurup": 6.78845667032318,
  "Osdorf": 5.7919110836678,
  "Nienstedten": 1.57647058823529,
  "Blankenese": 1.8925831202046,
  "Iserbrook": 3.70862884160756,
  "Sülldorf": 4.35430463576159,
  "Rissen": 3.33719582850521,
  "Eimsbüttel": 3.46208675582106,
  "Rotherbaum": 2.54922787809462,
  "Harvestehude": 2.84802150718306,
  "Hoheluft-West": 2.95425353225966,
  "Lokstedt": 3.55980146234723,
  "Niendorf": 2.89550307343902,
  "Schnelsen": 4.34527617828961,
  "Eidelstedt": 4.94035087719298,
  "Stellingen": 4.68568263638881,
  "Hoheluft-Ost": 2.47817516192622,
  "Eppendorf": 2.2607078514558,
  "Groß Borstel": 4.04217926186292,
  "Alsterdorf": 3.10460747478742,
  "Winterhude": 3.07370143936841,
  "Uhlenhorst": 2.68580689974531,
  "Hohenfelde": 4.04896421845574,
  "Barmbek-Süd": 3.92063024591371,
  "Dulsberg": 7.63728485209746,
  "Barmbek-Nord": 4.86644151059257,
  "Ohlsdorf": 3.9105655414292,
  "Fuhlsbüttel": 4.40548437851203,
  "Langenhorn": 4.45012278489414,
  "Eilbek": 4.02378235541409,
  "Wandsbek": 4.84855646145969,
  "Marienthal": 3.18635700661954,
  "Jenfeld": 7.45150651238191,
  "Tonndorf": 5.01619711396878,
  "Farmsen-Berne": 4.00669987217349,
  "Bramfeld": 4.50343751805419,
  "Steilshoop": 7.79831129520472,
  "Wellingsbüttel": 2.05068356118706,
  "Sasel": 1.70977011494253,
  "Poppenbüttel": 2.86579683131407,
  "Hummelsbüttel": 5.59384229839792,
  "Lemsahl-Mellingstedt": 2.18053927315358,
  "Duvenstedt": 2.30263157894737,
  "Wohldorf-Ohlstedt": 1.41574585635359,
  "Bergstedt": 2.63238445056627,
  "Volksdorf": 2.13611525086935,
  "Rahlstedt": 4.63891718315695,
  "Lohbrügge": 4.63411750797967,
  "Bergedorf": 4.74449377557239,
  "Curslack": 3.89032975175991,
  "Altengamme": 2.19629375428964,
  "Neuengamme": 2.50307755437013,
  "Kirchwerder": 2.03957382039574,
  "Ochsenwerder": 1.85995623632385,
  "Allermöhe": 2.81995661605206,
  "Billwerder": 12.8571428571429,
  "Moorfleet": 2.29357798165138,
  "Neuallermöhe": 5.35640465363491,
  "Harburg": 6.65816326530612,
  "Neuland und Gut Moor": 4.71615720524018,
  "Wilstorf": 5.58058925476603,
  "Rönneburg": 4.04929577464789,
  "Langenbek": 3.13953488372093,
  "Sinstorf": 3.96767083027186,
  "Marmstorf": 2.75194534067185,
  "Eißendorf": 4.53170340186454,
  "Heimfeld": 5.54943987567183,
  "Hausbruch": 6.29777939570441,
  "Neugraben-Fischbek": 6.59124954801384,
  "Neuenfelde": 5.76029730566739,
  "Hamburg-Mitte": 6.51505951212385,
  "Altona": 5.03585362132473,
  "Eimsbüttel1": 3.65338382183924,
  "Hamburg-Nord": 3.93942617065972,
  "Wandsbek1": 4.33934752925994,
  "Bergedorf1": 4.59288482188711,
  "Harburg1": 5.57089622262138
}